--------------------------------------------------------
--  Fichier créé - jeudi-juin-14-2018   
--------------------------------------------------------
--------------------------------------------------------
--  DDL for Table BOUTIQUE
--------------------------------------------------------

  CREATE TABLE "AHAMDI"."BOUTIQUE" 
   (	"ID_BOUTIQUE" NUMBER(*,0), 
	"NOM_BOUTIQUE" CHAR(20 BYTE), 
	"TEL_BOUTIQUE" CHAR(20 BYTE)
   ) SEGMENT CREATION IMMEDIATE 
  PCTFREE 10 PCTUSED 40 INITRANS 1 MAXTRANS 255 NOCOMPRESS LOGGING
  STORAGE(INITIAL 65536 NEXT 1048576 MINEXTENTS 1 MAXEXTENTS 2147483645
  PCTINCREASE 0 FREELISTS 1 FREELIST GROUPS 1 BUFFER_POOL DEFAULT FLASH_CACHE DEFAULT CELL_FLASH_CACHE DEFAULT)
  TABLESPACE "USERS" ;
--------------------------------------------------------
--  DDL for Table HISTORIQUE
--------------------------------------------------------

  CREATE TABLE "AHAMDI"."HISTORIQUE" 
   (	"ID_HISTORIQUE" NUMBER(*,0), 
	"TYPE_ACTION" VARCHAR2(100 BYTE), 
	"DATE_ACTION" DATE, 
	"QUANTITE_ACTION" NUMBER(*,0), 
	"COMMENTAIRE" VARCHAR2(100 BYTE), 
	"ID_ARTICLE" NUMBER(*,0), 
	"ID_BOUTIQUE" NUMBER(*,0), 
	"ID_FOURNISSEUR" NUMBER(*,0)
   ) SEGMENT CREATION IMMEDIATE 
  PCTFREE 10 PCTUSED 40 INITRANS 1 MAXTRANS 255 NOCOMPRESS LOGGING
  STORAGE(INITIAL 65536 NEXT 1048576 MINEXTENTS 1 MAXEXTENTS 2147483645
  PCTINCREASE 0 FREELISTS 1 FREELIST GROUPS 1 BUFFER_POOL DEFAULT FLASH_CACHE DEFAULT CELL_FLASH_CACHE DEFAULT)
  TABLESPACE "USERS" ;
--------------------------------------------------------
--  DDL for Table ARTICLE
--------------------------------------------------------

  CREATE TABLE "AHAMDI"."ARTICLE" 
   (	"ID_ARTICLE" NUMBER(*,0), 
	"NOM_ARTICLE" VARCHAR2(30 BYTE), 
	"CATEGORIE" VARCHAR2(30 BYTE), 
	"QUANTITE" NUMBER(*,0), 
	"ID_BOUTIQUE" NUMBER(*,0)
   ) SEGMENT CREATION IMMEDIATE 
  PCTFREE 10 PCTUSED 40 INITRANS 1 MAXTRANS 255 NOCOMPRESS LOGGING
  STORAGE(INITIAL 65536 NEXT 1048576 MINEXTENTS 1 MAXEXTENTS 2147483645
  PCTINCREASE 0 FREELISTS 1 FREELIST GROUPS 1 BUFFER_POOL DEFAULT FLASH_CACHE DEFAULT CELL_FLASH_CACHE DEFAULT)
  TABLESPACE "USERS" ;
--------------------------------------------------------
--  DDL for Table FOURNISSEUR
--------------------------------------------------------

  CREATE TABLE "AHAMDI"."FOURNISSEUR" 
   (	"ID_FOURNISSEUR" NUMBER(*,0), 
	"NOM_FOURNISSEUR" VARCHAR2(20 BYTE), 
	"CATEGORIE_FOURNIE" VARCHAR2(30 BYTE), 
	"ADRESSE" VARCHAR2(255 BYTE)
   ) SEGMENT CREATION IMMEDIATE 
  PCTFREE 10 PCTUSED 40 INITRANS 1 MAXTRANS 255 NOCOMPRESS LOGGING
  STORAGE(INITIAL 65536 NEXT 1048576 MINEXTENTS 1 MAXEXTENTS 2147483645
  PCTINCREASE 0 FREELISTS 1 FREELIST GROUPS 1 BUFFER_POOL DEFAULT FLASH_CACHE DEFAULT CELL_FLASH_CACHE DEFAULT)
  TABLESPACE "USERS" ;
--------------------------------------------------------
--  DDL for Table LIVRAISON
--------------------------------------------------------

  CREATE TABLE "AHAMDI"."LIVRAISON" 
   (	"ID_LIVRAISON" NUMBER(*,0), 
	"DATE_LIVRAISON" DATE, 
	"NOM_ARTICLE" VARCHAR2(30 BYTE), 
	"QUANTITE" NUMBER(*,0), 
	"ID_FOURNISSEUR" NUMBER(*,0), 
	"ID_BOUTIQUE" NUMBER(*,0)
   ) SEGMENT CREATION IMMEDIATE 
  PCTFREE 10 PCTUSED 40 INITRANS 1 MAXTRANS 255 NOCOMPRESS LOGGING
  STORAGE(INITIAL 65536 NEXT 1048576 MINEXTENTS 1 MAXEXTENTS 2147483645
  PCTINCREASE 0 FREELISTS 1 FREELIST GROUPS 1 BUFFER_POOL DEFAULT FLASH_CACHE DEFAULT CELL_FLASH_CACHE DEFAULT)
  TABLESPACE "USERS" ;
REM INSERTING into AHAMDI.BOUTIQUE
SET DEFINE OFF;
Insert into AHAMDI.BOUTIQUE (ID_BOUTIQUE,NOM_BOUTIQUE,TEL_BOUTIQUE) values ('3','MICROMANIA          ','23432423            ');
Insert into AHAMDI.BOUTIQUE (ID_BOUTIQUE,NOM_BOUTIQUE,TEL_BOUTIQUE) values ('1','Darty               ','0666666666          ');
Insert into AHAMDI.BOUTIQUE (ID_BOUTIQUE,NOM_BOUTIQUE,TEL_BOUTIQUE) values ('2','FNAC                ','0666666667          ');
REM INSERTING into AHAMDI.HISTORIQUE
SET DEFINE OFF;
Insert into AHAMDI.HISTORIQUE (ID_HISTORIQUE,TYPE_ACTION,DATE_ACTION,QUANTITE_ACTION,COMMENTAIRE,ID_ARTICLE,ID_BOUTIQUE,ID_FOURNISSEUR) values ('3','Approvisionnement',to_date('13/06/18','DD/MM/RR'),'3','Test','41','1','2');
Insert into AHAMDI.HISTORIQUE (ID_HISTORIQUE,TYPE_ACTION,DATE_ACTION,QUANTITE_ACTION,COMMENTAIRE,ID_ARTICLE,ID_BOUTIQUE,ID_FOURNISSEUR) values ('4','Approvisionnement',to_date('13/06/18','DD/MM/RR'),'4','test','41','1','3');
Insert into AHAMDI.HISTORIQUE (ID_HISTORIQUE,TYPE_ACTION,DATE_ACTION,QUANTITE_ACTION,COMMENTAIRE,ID_ARTICLE,ID_BOUTIQUE,ID_FOURNISSEUR) values ('5','Approvisionnement',to_date('13/06/18','DD/MM/RR'),'4','test','41','1','3');
Insert into AHAMDI.HISTORIQUE (ID_HISTORIQUE,TYPE_ACTION,DATE_ACTION,QUANTITE_ACTION,COMMENTAIRE,ID_ARTICLE,ID_BOUTIQUE,ID_FOURNISSEUR) values ('6','Approvisionnement',to_date('13/06/18','DD/MM/RR'),'6','test','41','1','3');
Insert into AHAMDI.HISTORIQUE (ID_HISTORIQUE,TYPE_ACTION,DATE_ACTION,QUANTITE_ACTION,COMMENTAIRE,ID_ARTICLE,ID_BOUTIQUE,ID_FOURNISSEUR) values ('9','Approvisionnement',to_date('14/06/18','DD/MM/RR'),'5','Approvisionnement de Noël','42','1','2');
Insert into AHAMDI.HISTORIQUE (ID_HISTORIQUE,TYPE_ACTION,DATE_ACTION,QUANTITE_ACTION,COMMENTAIRE,ID_ARTICLE,ID_BOUTIQUE,ID_FOURNISSEUR) values ('12','Approvisionnement',to_date('14/06/18','DD/MM/RR'),'3','toto','41','2','3');
Insert into AHAMDI.HISTORIQUE (ID_HISTORIQUE,TYPE_ACTION,DATE_ACTION,QUANTITE_ACTION,COMMENTAIRE,ID_ARTICLE,ID_BOUTIQUE,ID_FOURNISSEUR) values ('17','Roulement',to_date('14/06/18','DD/MM/RR'),'1',null,'41','1','3');
Insert into AHAMDI.HISTORIQUE (ID_HISTORIQUE,TYPE_ACTION,DATE_ACTION,QUANTITE_ACTION,COMMENTAIRE,ID_ARTICLE,ID_BOUTIQUE,ID_FOURNISSEUR) values ('18','Approvisionnement',to_date('14/06/18','DD/MM/RR'),'5','aa','41','1','3');
Insert into AHAMDI.HISTORIQUE (ID_HISTORIQUE,TYPE_ACTION,DATE_ACTION,QUANTITE_ACTION,COMMENTAIRE,ID_ARTICLE,ID_BOUTIQUE,ID_FOURNISSEUR) values ('10','Approvisionnement',to_date('14/06/18','DD/MM/RR'),'5','zzzz','43','2','2');
Insert into AHAMDI.HISTORIQUE (ID_HISTORIQUE,TYPE_ACTION,DATE_ACTION,QUANTITE_ACTION,COMMENTAIRE,ID_ARTICLE,ID_BOUTIQUE,ID_FOURNISSEUR) values ('23','Approvisionnement',to_date('14/06/18','DD/MM/RR'),'5','Sortie du jeu','46','3','2');
Insert into AHAMDI.HISTORIQUE (ID_HISTORIQUE,TYPE_ACTION,DATE_ACTION,QUANTITE_ACTION,COMMENTAIRE,ID_ARTICLE,ID_BOUTIQUE,ID_FOURNISSEUR) values ('7','Approvisionnement',to_date('14/06/18','DD/MM/RR'),'18','test','41','1','3');
Insert into AHAMDI.HISTORIQUE (ID_HISTORIQUE,TYPE_ACTION,DATE_ACTION,QUANTITE_ACTION,COMMENTAIRE,ID_ARTICLE,ID_BOUTIQUE,ID_FOURNISSEUR) values ('8','Vente',to_date('14/06/18','DD/MM/RR'),'5','test','41','1','3');
Insert into AHAMDI.HISTORIQUE (ID_HISTORIQUE,TYPE_ACTION,DATE_ACTION,QUANTITE_ACTION,COMMENTAIRE,ID_ARTICLE,ID_BOUTIQUE,ID_FOURNISSEUR) values ('11','Approvisionnement',to_date('14/06/18','DD/MM/RR'),'99','Appro de Noël','42','2','2');
Insert into AHAMDI.HISTORIQUE (ID_HISTORIQUE,TYPE_ACTION,DATE_ACTION,QUANTITE_ACTION,COMMENTAIRE,ID_ARTICLE,ID_BOUTIQUE,ID_FOURNISSEUR) values ('13','Approvisionnement',to_date('14/06/18','DD/MM/RR'),'2','t','41','1','3');
Insert into AHAMDI.HISTORIQUE (ID_HISTORIQUE,TYPE_ACTION,DATE_ACTION,QUANTITE_ACTION,COMMENTAIRE,ID_ARTICLE,ID_BOUTIQUE,ID_FOURNISSEUR) values ('14','Approvisionnement',to_date('14/06/18','DD/MM/RR'),'5','t','41','1','3');
Insert into AHAMDI.HISTORIQUE (ID_HISTORIQUE,TYPE_ACTION,DATE_ACTION,QUANTITE_ACTION,COMMENTAIRE,ID_ARTICLE,ID_BOUTIQUE,ID_FOURNISSEUR) values ('15','Vente',to_date('14/06/18','DD/MM/RR'),'3','t','41','1','3');
Insert into AHAMDI.HISTORIQUE (ID_HISTORIQUE,TYPE_ACTION,DATE_ACTION,QUANTITE_ACTION,COMMENTAIRE,ID_ARTICLE,ID_BOUTIQUE,ID_FOURNISSEUR) values ('16','Vente',to_date('14/06/18','DD/MM/RR'),'1','t','41','1','3');
Insert into AHAMDI.HISTORIQUE (ID_HISTORIQUE,TYPE_ACTION,DATE_ACTION,QUANTITE_ACTION,COMMENTAIRE,ID_ARTICLE,ID_BOUTIQUE,ID_FOURNISSEUR) values ('24','Vente',to_date('14/06/18','DD/MM/RR'),'3',null,'46','3','3');
Insert into AHAMDI.HISTORIQUE (ID_HISTORIQUE,TYPE_ACTION,DATE_ACTION,QUANTITE_ACTION,COMMENTAIRE,ID_ARTICLE,ID_BOUTIQUE,ID_FOURNISSEUR) values ('19','Approvisionnement',to_date('14/06/18','DD/MM/RR'),'44',null,'41','1','3');
Insert into AHAMDI.HISTORIQUE (ID_HISTORIQUE,TYPE_ACTION,DATE_ACTION,QUANTITE_ACTION,COMMENTAIRE,ID_ARTICLE,ID_BOUTIQUE,ID_FOURNISSEUR) values ('20','Roulement',to_date('14/06/18','DD/MM/RR'),'44',null,'41','1','3');
Insert into AHAMDI.HISTORIQUE (ID_HISTORIQUE,TYPE_ACTION,DATE_ACTION,QUANTITE_ACTION,COMMENTAIRE,ID_ARTICLE,ID_BOUTIQUE,ID_FOURNISSEUR) values ('21','Approvisionnement',to_date('14/06/18','DD/MM/RR'),'45',null,'41','1','3');
Insert into AHAMDI.HISTORIQUE (ID_HISTORIQUE,TYPE_ACTION,DATE_ACTION,QUANTITE_ACTION,COMMENTAIRE,ID_ARTICLE,ID_BOUTIQUE,ID_FOURNISSEUR) values ('22','Vente',to_date('14/06/18','DD/MM/RR'),'3',null,'41','1','3');
REM INSERTING into AHAMDI.ARTICLE
SET DEFINE OFF;
Insert into AHAMDI.ARTICLE (ID_ARTICLE,NOM_ARTICLE,CATEGORIE,QUANTITE,ID_BOUTIQUE) values ('22','Livre de cuisto','Livres','5','1');
Insert into AHAMDI.ARTICLE (ID_ARTICLE,NOM_ARTICLE,CATEGORIE,QUANTITE,ID_BOUTIQUE) values ('23','Zelda','Jeux-vidéos','4','2');
Insert into AHAMDI.ARTICLE (ID_ARTICLE,NOM_ARTICLE,CATEGORIE,QUANTITE,ID_BOUTIQUE) values ('24','Voiture éléctrique','Jouets','3','1');
Insert into AHAMDI.ARTICLE (ID_ARTICLE,NOM_ARTICLE,CATEGORIE,QUANTITE,ID_BOUTIQUE) values ('25','Ballon de foot','Jouets','5','1');
Insert into AHAMDI.ARTICLE (ID_ARTICLE,NOM_ARTICLE,CATEGORIE,QUANTITE,ID_BOUTIQUE) values ('29','Rollers','Jouets','4','1');
Insert into AHAMDI.ARTICLE (ID_ARTICLE,NOM_ARTICLE,CATEGORIE,QUANTITE,ID_BOUTIQUE) values ('31','Peluche','Jouets','5','2');
Insert into AHAMDI.ARTICLE (ID_ARTICLE,NOM_ARTICLE,CATEGORIE,QUANTITE,ID_BOUTIQUE) values ('32','Peluche','Jouets','5','2');
Insert into AHAMDI.ARTICLE (ID_ARTICLE,NOM_ARTICLE,CATEGORIE,QUANTITE,ID_BOUTIQUE) values ('33','Peluche','Jouets','5','2');
Insert into AHAMDI.ARTICLE (ID_ARTICLE,NOM_ARTICLE,CATEGORIE,QUANTITE,ID_BOUTIQUE) values ('27','Moto pour enfants','Jouet','2','1');
Insert into AHAMDI.ARTICLE (ID_ARTICLE,NOM_ARTICLE,CATEGORIE,QUANTITE,ID_BOUTIQUE) values ('28','Figurine Spider-man','Jouet','3','2');
Insert into AHAMDI.ARTICLE (ID_ARTICLE,NOM_ARTICLE,CATEGORIE,QUANTITE,ID_BOUTIQUE) values ('30','Vélo pour enfants','Enfants','5','1');
Insert into AHAMDI.ARTICLE (ID_ARTICLE,NOM_ARTICLE,CATEGORIE,QUANTITE,ID_BOUTIQUE) values ('34','Test','test','3','1');
Insert into AHAMDI.ARTICLE (ID_ARTICLE,NOM_ARTICLE,CATEGORIE,QUANTITE,ID_BOUTIQUE) values ('39','Power ranger - lot','Jouets','4','1');
Insert into AHAMDI.ARTICLE (ID_ARTICLE,NOM_ARTICLE,CATEGORIE,QUANTITE,ID_BOUTIQUE) values ('41','test','test','3','1');
Insert into AHAMDI.ARTICLE (ID_ARTICLE,NOM_ARTICLE,CATEGORIE,QUANTITE,ID_BOUTIQUE) values ('42','Livre de cuisine','Livres','5','1');
Insert into AHAMDI.ARTICLE (ID_ARTICLE,NOM_ARTICLE,CATEGORIE,QUANTITE,ID_BOUTIQUE) values ('45','test','toto','3','2');
Insert into AHAMDI.ARTICLE (ID_ARTICLE,NOM_ARTICLE,CATEGORIE,QUANTITE,ID_BOUTIQUE) values ('35','Test	','test','3','1');
Insert into AHAMDI.ARTICLE (ID_ARTICLE,NOM_ARTICLE,CATEGORIE,QUANTITE,ID_BOUTIQUE) values ('43','zzzz','zzzzz','5','2');
Insert into AHAMDI.ARTICLE (ID_ARTICLE,NOM_ARTICLE,CATEGORIE,QUANTITE,ID_BOUTIQUE) values ('46','Fifa 18','Football','3','3');
Insert into AHAMDI.ARTICLE (ID_ARTICLE,NOM_ARTICLE,CATEGORIE,QUANTITE,ID_BOUTIQUE) values ('1','Ordinateur','Electromenager','5','2');
Insert into AHAMDI.ARTICLE (ID_ARTICLE,NOM_ARTICLE,CATEGORIE,QUANTITE,ID_BOUTIQUE) values ('2','Pelle','Construction','2','1');
Insert into AHAMDI.ARTICLE (ID_ARTICLE,NOM_ARTICLE,CATEGORIE,QUANTITE,ID_BOUTIQUE) values ('3','Tapis','Decoration','4','2');
Insert into AHAMDI.ARTICLE (ID_ARTICLE,NOM_ARTICLE,CATEGORIE,QUANTITE,ID_BOUTIQUE) values ('4','Carte Mere P4','Maintenance','2','1');
Insert into AHAMDI.ARTICLE (ID_ARTICLE,NOM_ARTICLE,CATEGORIE,QUANTITE,ID_BOUTIQUE) values ('5','Cable Frein','Piece Rechange','1','2');
Insert into AHAMDI.ARTICLE (ID_ARTICLE,NOM_ARTICLE,CATEGORIE,QUANTITE,ID_BOUTIQUE) values ('21','Livre de cuisine','Livres','3','1');
Insert into AHAMDI.ARTICLE (ID_ARTICLE,NOM_ARTICLE,CATEGORIE,QUANTITE,ID_BOUTIQUE) values ('26','Tondeuse électrique	','Jardin','2','1');
Insert into AHAMDI.ARTICLE (ID_ARTICLE,NOM_ARTICLE,CATEGORIE,QUANTITE,ID_BOUTIQUE) values ('36','Test','Test','3','1');
Insert into AHAMDI.ARTICLE (ID_ARTICLE,NOM_ARTICLE,CATEGORIE,QUANTITE,ID_BOUTIQUE) values ('37','Vache mobile','Joueuts','3','1');
Insert into AHAMDI.ARTICLE (ID_ARTICLE,NOM_ARTICLE,CATEGORIE,QUANTITE,ID_BOUTIQUE) values ('44','Livre de cuisine','Livres','99','2');
Insert into AHAMDI.ARTICLE (ID_ARTICLE,NOM_ARTICLE,CATEGORIE,QUANTITE,ID_BOUTIQUE) values ('38','test','test','4','1');
REM INSERTING into AHAMDI.FOURNISSEUR
SET DEFINE OFF;
Insert into AHAMDI.FOURNISSEUR (ID_FOURNISSEUR,NOM_FOURNISSEUR,CATEGORIE_FOURNIE,ADRESSE) values ('1','FEDEX','LIVRAISON','12 rue du fournisseur');
Insert into AHAMDI.FOURNISSEUR (ID_FOURNISSEUR,NOM_FOURNISSEUR,CATEGORIE_FOURNIE,ADRESSE) values ('2','Proprio du magasin','Magasin','aucune');
Insert into AHAMDI.FOURNISSEUR (ID_FOURNISSEUR,NOM_FOURNISSEUR,CATEGORIE_FOURNIE,ADRESSE) values ('3','Aucun','Aucun','Aucun');
REM INSERTING into AHAMDI.LIVRAISON
SET DEFINE OFF;
--------------------------------------------------------
--  DDL for Index PK_BOUTIQUE
--------------------------------------------------------

  CREATE UNIQUE INDEX "AHAMDI"."PK_BOUTIQUE" ON "AHAMDI"."BOUTIQUE" ("ID_BOUTIQUE") 
  PCTFREE 10 INITRANS 2 MAXTRANS 255 COMPUTE STATISTICS 
  STORAGE(INITIAL 65536 NEXT 1048576 MINEXTENTS 1 MAXEXTENTS 2147483645
  PCTINCREASE 0 FREELISTS 1 FREELIST GROUPS 1 BUFFER_POOL DEFAULT FLASH_CACHE DEFAULT CELL_FLASH_CACHE DEFAULT)
  TABLESPACE "USERS" ;
--------------------------------------------------------
--  DDL for Index PK_ID_HISTORIQUE
--------------------------------------------------------

  CREATE UNIQUE INDEX "AHAMDI"."PK_ID_HISTORIQUE" ON "AHAMDI"."HISTORIQUE" ("ID_HISTORIQUE") 
  PCTFREE 10 INITRANS 2 MAXTRANS 255 
  STORAGE(INITIAL 65536 NEXT 1048576 MINEXTENTS 1 MAXEXTENTS 2147483645
  PCTINCREASE 0 FREELISTS 1 FREELIST GROUPS 1 BUFFER_POOL DEFAULT FLASH_CACHE DEFAULT CELL_FLASH_CACHE DEFAULT)
  TABLESPACE "USERS" ;
--------------------------------------------------------
--  DDL for Index PK_ARTICLE
--------------------------------------------------------

  CREATE UNIQUE INDEX "AHAMDI"."PK_ARTICLE" ON "AHAMDI"."ARTICLE" ("ID_ARTICLE") 
  PCTFREE 10 INITRANS 2 MAXTRANS 255 COMPUTE STATISTICS 
  STORAGE(INITIAL 65536 NEXT 1048576 MINEXTENTS 1 MAXEXTENTS 2147483645
  PCTINCREASE 0 FREELISTS 1 FREELIST GROUPS 1 BUFFER_POOL DEFAULT FLASH_CACHE DEFAULT CELL_FLASH_CACHE DEFAULT)
  TABLESPACE "USERS" ;
--------------------------------------------------------
--  DDL for Index PK_FOURNISSEUR
--------------------------------------------------------

  CREATE UNIQUE INDEX "AHAMDI"."PK_FOURNISSEUR" ON "AHAMDI"."FOURNISSEUR" ("ID_FOURNISSEUR") 
  PCTFREE 10 INITRANS 2 MAXTRANS 255 COMPUTE STATISTICS 
  STORAGE(INITIAL 65536 NEXT 1048576 MINEXTENTS 1 MAXEXTENTS 2147483645
  PCTINCREASE 0 FREELISTS 1 FREELIST GROUPS 1 BUFFER_POOL DEFAULT FLASH_CACHE DEFAULT CELL_FLASH_CACHE DEFAULT)
  TABLESPACE "USERS" ;
--------------------------------------------------------
--  DDL for Index PK_LIVRAISON
--------------------------------------------------------

  CREATE UNIQUE INDEX "AHAMDI"."PK_LIVRAISON" ON "AHAMDI"."LIVRAISON" ("ID_LIVRAISON") 
  PCTFREE 10 INITRANS 2 MAXTRANS 255 COMPUTE STATISTICS 
  STORAGE(INITIAL 65536 NEXT 1048576 MINEXTENTS 1 MAXEXTENTS 2147483645
  PCTINCREASE 0 FREELISTS 1 FREELIST GROUPS 1 BUFFER_POOL DEFAULT FLASH_CACHE DEFAULT CELL_FLASH_CACHE DEFAULT)
  TABLESPACE "USERS" ;
--------------------------------------------------------
--  DDL for Trigger AD_INSERT
--------------------------------------------------------

  CREATE OR REPLACE TRIGGER "AHAMDI"."AD_INSERT" 
before insert on article
REFERENCING NEW AS NEW OLD AS OLD
for each row
begin
    select ARTICLE_SEQUENCE.NEXTVAL into :new.id_article from dual;
end;
/
ALTER TRIGGER "AHAMDI"."AD_INSERT" ENABLE;
--------------------------------------------------------
--  Constraints for Table BOUTIQUE
--------------------------------------------------------

  ALTER TABLE "AHAMDI"."BOUTIQUE" ADD CONSTRAINT "PK_BOUTIQUE" PRIMARY KEY ("ID_BOUTIQUE")
  USING INDEX PCTFREE 10 INITRANS 2 MAXTRANS 255 COMPUTE STATISTICS 
  STORAGE(INITIAL 65536 NEXT 1048576 MINEXTENTS 1 MAXEXTENTS 2147483645
  PCTINCREASE 0 FREELISTS 1 FREELIST GROUPS 1 BUFFER_POOL DEFAULT FLASH_CACHE DEFAULT CELL_FLASH_CACHE DEFAULT)
  TABLESPACE "USERS"  ENABLE;
  ALTER TABLE "AHAMDI"."BOUTIQUE" MODIFY ("NOM_BOUTIQUE" NOT NULL ENABLE);
  ALTER TABLE "AHAMDI"."BOUTIQUE" MODIFY ("ID_BOUTIQUE" NOT NULL ENABLE);
--------------------------------------------------------
--  Constraints for Table HISTORIQUE
--------------------------------------------------------

  ALTER TABLE "AHAMDI"."HISTORIQUE" ADD CONSTRAINT "PK_ID_HISTORIQUE" PRIMARY KEY ("ID_HISTORIQUE")
  USING INDEX PCTFREE 10 INITRANS 2 MAXTRANS 255 
  STORAGE(INITIAL 65536 NEXT 1048576 MINEXTENTS 1 MAXEXTENTS 2147483645
  PCTINCREASE 0 FREELISTS 1 FREELIST GROUPS 1 BUFFER_POOL DEFAULT FLASH_CACHE DEFAULT CELL_FLASH_CACHE DEFAULT)
  TABLESPACE "USERS"  ENABLE;
  ALTER TABLE "AHAMDI"."HISTORIQUE" MODIFY ("ID_FOURNISSEUR" NOT NULL ENABLE);
  ALTER TABLE "AHAMDI"."HISTORIQUE" MODIFY ("ID_BOUTIQUE" NOT NULL ENABLE);
  ALTER TABLE "AHAMDI"."HISTORIQUE" MODIFY ("ID_ARTICLE" NOT NULL ENABLE);
  ALTER TABLE "AHAMDI"."HISTORIQUE" MODIFY ("QUANTITE_ACTION" NOT NULL ENABLE);
  ALTER TABLE "AHAMDI"."HISTORIQUE" MODIFY ("DATE_ACTION" NOT NULL ENABLE);
  ALTER TABLE "AHAMDI"."HISTORIQUE" MODIFY ("TYPE_ACTION" NOT NULL ENABLE);
--------------------------------------------------------
--  Constraints for Table ARTICLE
--------------------------------------------------------

  ALTER TABLE "AHAMDI"."ARTICLE" ADD CONSTRAINT "PK_ARTICLE" PRIMARY KEY ("ID_ARTICLE")
  USING INDEX PCTFREE 10 INITRANS 2 MAXTRANS 255 COMPUTE STATISTICS 
  STORAGE(INITIAL 65536 NEXT 1048576 MINEXTENTS 1 MAXEXTENTS 2147483645
  PCTINCREASE 0 FREELISTS 1 FREELIST GROUPS 1 BUFFER_POOL DEFAULT FLASH_CACHE DEFAULT CELL_FLASH_CACHE DEFAULT)
  TABLESPACE "USERS"  ENABLE;
  ALTER TABLE "AHAMDI"."ARTICLE" MODIFY ("ID_BOUTIQUE" NOT NULL ENABLE);
  ALTER TABLE "AHAMDI"."ARTICLE" MODIFY ("QUANTITE" NOT NULL ENABLE);
  ALTER TABLE "AHAMDI"."ARTICLE" MODIFY ("CATEGORIE" NOT NULL ENABLE);
  ALTER TABLE "AHAMDI"."ARTICLE" MODIFY ("NOM_ARTICLE" NOT NULL ENABLE);
--------------------------------------------------------
--  Constraints for Table FOURNISSEUR
--------------------------------------------------------

  ALTER TABLE "AHAMDI"."FOURNISSEUR" ADD CONSTRAINT "PK_FOURNISSEUR" PRIMARY KEY ("ID_FOURNISSEUR")
  USING INDEX PCTFREE 10 INITRANS 2 MAXTRANS 255 COMPUTE STATISTICS 
  STORAGE(INITIAL 65536 NEXT 1048576 MINEXTENTS 1 MAXEXTENTS 2147483645
  PCTINCREASE 0 FREELISTS 1 FREELIST GROUPS 1 BUFFER_POOL DEFAULT FLASH_CACHE DEFAULT CELL_FLASH_CACHE DEFAULT)
  TABLESPACE "USERS"  ENABLE;
--------------------------------------------------------
--  Constraints for Table LIVRAISON
--------------------------------------------------------

  ALTER TABLE "AHAMDI"."LIVRAISON" ADD CONSTRAINT "PK_LIVRAISON" PRIMARY KEY ("ID_LIVRAISON")
  USING INDEX PCTFREE 10 INITRANS 2 MAXTRANS 255 COMPUTE STATISTICS 
  STORAGE(INITIAL 65536 NEXT 1048576 MINEXTENTS 1 MAXEXTENTS 2147483645
  PCTINCREASE 0 FREELISTS 1 FREELIST GROUPS 1 BUFFER_POOL DEFAULT FLASH_CACHE DEFAULT CELL_FLASH_CACHE DEFAULT)
  TABLESPACE "USERS"  ENABLE;
  ALTER TABLE "AHAMDI"."LIVRAISON" MODIFY ("ID_BOUTIQUE" NOT NULL ENABLE);
  ALTER TABLE "AHAMDI"."LIVRAISON" MODIFY ("ID_FOURNISSEUR" NOT NULL ENABLE);
  ALTER TABLE "AHAMDI"."LIVRAISON" MODIFY ("QUANTITE" NOT NULL ENABLE);
  ALTER TABLE "AHAMDI"."LIVRAISON" MODIFY ("NOM_ARTICLE" NOT NULL ENABLE);
  ALTER TABLE "AHAMDI"."LIVRAISON" MODIFY ("DATE_LIVRAISON" NOT NULL ENABLE);
